project,file,line,evidence_type
famille_shift_matching,database.types.ts,1045,Google Drive/file operation
famille_shift_matching,database.types.ts,1066,Google Drive/file operation
famille_shift_matching,database.types.ts,1087,Google Drive/file operation
famille_shift_matching,database.types.ts,4383,Google Drive/file operation
famille_shift_matching,database.types.ts,4398,Google Drive/file operation
famille_shift_matching,database.types.ts,4413,Google Drive/file operation
famille_shift_matching,database.types.ts,6400,Google Drive/file operation
famille_shift_matching,database.types.ts,6410,Google Drive/file operation
famille_shift_matching,database.types.ts,6420,Google Drive/file operation
famille_shift_matching,database.types.ts,9641,Google Drive/file operation
famille_shift_matching,database.types.ts,9669,Google Drive/file operation
famille_shift_matching,database.types.ts,9697,Google Drive/file operation
famille_shift_matching,database.types.ts,11282,Google Drive/file operation
famille_shift_matching,database.types.ts,11293,Google Drive/file operation
famille_shift_matching,database.types.ts,11304,Google Drive/file operation
famille_shift_matching,database.types.ts,13831,Google Drive/file operation
famille_shift_matching,src/types/cm/clientDetail.ts,65,Google Drive/file operation
famille_shift_matching,src/types/cm/contract.ts,143,Google Drive/file operation
famille_shift_matching,src/types/cm/contract.ts,163,Google Drive/file operation
famille_shift_matching,src/lib/googleMapsDistance.ts,51,Google Drive/file operation
famille_shift_matching,src/lib/healthCheck.ts,4,Google Drive/file operation
famille_shift_matching,src/lib/supabase/analyzeDigisignRequest.ts,20,Google Drive/file operation
famille_shift_matching,src/lib/supabase/analyzeDigisignRequest.ts,23,Google Drive/file operation
famille_shift_matching,src/lib/supabase/analyzeDigisignRequest.ts,25,Google Drive/file operation
famille_shift_matching,src/lib/supabase/analyzeDigisignRequest.ts,53,Google Drive/file operation
famille_shift_matching,src/lib/supabase/analyzeDigisignRequest.ts,54,Google Drive/file operation
famille_shift_matching,src/lib/supabase/analyzeDigisignRequest.ts,174,Google Drive/file operation
famille_shift_matching,src/lib/supabase/analyzeDigisignRequest.ts,190,Google Drive/file operation
famille_shift_matching,src/lib/supabase/analyzeDigisignRequest.ts,193,Google Drive/file operation
famille_shift_matching,src/lib/supabase/analyzeDigisignRequest.ts,195,Google Drive/file operation
famille_shift_matching,src/lib/rpa/onboardingCandidates.ts,126,Google Drive/file operation
famille_shift_matching,src/lib/rpa/onboardingCandidates.ts,139,Google Drive/file operation
famille_shift_matching,src/lib/rpa/onboardingCandidates.ts,140,Google Drive/file operation
famille_shift_matching,src/lib/rpa/onboardingCandidates.ts,276,Google Drive/file operation
famille_shift_matching,src/lib/rpa/onboardingCandidates.ts,319,Google Drive/file operation
famille_shift_matching,src/lib/cm/contracts/actions.ts,98,Google Drive/file operation
famille_shift_matching,src/lib/cm/contracts/actions.ts,112,Google Drive/file operation
famille_shift_matching,src/lib/cm/contracts/createContract.ts,29,Google Drive/file operation
famille_shift_matching,src/lib/cm/contracts/createContract.ts,323,Google Drive/file operation
famille_shift_matching,src/lib/cm/contracts/digisignerApi.ts,28,Google Drive/file operation
famille_shift_matching,src/lib/cm/contracts/digisignerApi.ts,74,Google Drive/file operation
famille_shift_matching,src/lib/cm/contracts/digisignerApi.ts,77,Google Drive/file operation
famille_shift_matching,src/lib/cm/contracts/digisignerApi.ts,247,Google Drive/file operation
famille_shift_matching,src/lib/cm/contracts/digisignerApi.ts,253,Google Drive/file operation
famille_shift_matching,src/lib/cm/contracts/digisignerApi.ts,254,Google Drive/file operation
famille_shift_matching,src/lib/cm/contracts/digisignerApi.ts,255,Google Drive/file operation
famille_shift_matching,src/lib/cm/contracts/digisignerApi.ts,259,Google Drive/file operation
famille_shift_matching,src/lib/cm/contracts/generateContractPdf.ts,229,Google Drive/file operation
famille_shift_matching,src/lib/cm/contracts/generateContractPdf.ts,243,Google Drive/file operation
famille_shift_matching,src/lib/cm/contracts/generateContractPdf.ts,357,Google Drive/file operation
famille_shift_matching,src/lib/cm/contracts/generateContractPdf.ts,581,Google Drive/file operation
famille_shift_matching,src/lib/cm/contracts/googleDrive.ts,9,Google Drive/file operation
famille_shift_matching,src/lib/cm/contracts/googleDrive.ts,27,Google Drive/file operation
famille_shift_matching,src/lib/cm/contracts/googleDrive.ts,31,Google Drive/file operation
famille_shift_matching,src/lib/cm/contracts/googleDrive.ts,79,Google Drive/file operation
famille_shift_matching,src/lib/cm/contracts/googleDrive.ts,82,Google Drive/file operation
famille_shift_matching,src/lib/cm/contracts/googleDrive.ts,94,Google Drive/file operation
famille_shift_matching,src/lib/cm/contracts/googleDrive.ts,104,Google Drive/file operation
famille_shift_matching,src/lib/cm/contracts/googleDrive.ts,111,Google Drive/file operation
famille_shift_matching,src/lib/cm/contracts/googleDrive.ts,125,Google Drive/file operation
famille_shift_matching,src/lib/cm/contracts/googleDrive.ts,128,Google Drive/file operation
famille_shift_matching,src/lib/cm/contracts/googleDrive.ts,129,Google Drive/file operation
famille_shift_matching,src/lib/cm/contracts/googleDrive.ts,134,Google Drive/file operation
famille_shift_matching,src/lib/cm/contracts/googleDrive.ts,138,Google Drive/file operation
famille_shift_matching,src/lib/cm/contracts/googleDrive.ts,153,Google Drive/file operation
famille_shift_matching,src/lib/cm/contracts/googleDrive.ts,158,Google Drive/file operation
famille_shift_matching,src/lib/cm/contracts/googleDrive.ts,165,Google Drive/file operation
famille_shift_matching,src/lib/cm/contracts/googleDrive.ts,177,Google Drive/file operation
famille_shift_matching,src/lib/cm/contracts/googleDrive.ts,186,Google Drive/file operation
famille_shift_matching,src/lib/cm/contracts/googleDrive.ts,189,Google Drive/file operation
famille_shift_matching,src/lib/cm/contracts/googleDrive.ts,196,Google Drive/file operation
famille_shift_matching,src/lib/cm/contracts/googleDrive.ts,199,Google Drive/file operation
famille_shift_matching,src/lib/cm/contracts/googleDrive.ts,200,Google Drive/file operation
famille_shift_matching,src/lib/cm/contracts/googleDrive.ts,202,Google Drive/file operation
famille_shift_matching,src/lib/cm/contracts/googleDrive.ts,203,Google Drive/file operation
famille_shift_matching,src/lib/cm/contracts/googleDrive.ts,210,Google Drive/file operation
famille_shift_matching,src/lib/cm/contracts/googleDrive.ts,217,Google Drive/file operation
famille_shift_matching,src/lib/cm/contracts/uploadConsentPdf.ts,1,Google Drive/file operation
famille_shift_matching,src/lib/cm/contracts/uploadConsentPdf.ts,19,Google Drive/file operation
famille_shift_matching,src/lib/cm/contracts/uploadConsentPdf.ts,21,Google Drive/file operation
famille_shift_matching,src/lib/cm/contracts/uploadConsentPdf.ts,27,Google Drive/file operation
famille_shift_matching,src/lib/cm/contracts/uploadConsentPdf.ts,70,Google Drive/file operation
famille_shift_matching,src/lib/cm/contracts/uploadConsentPdf.ts,75,Google Drive/file operation
famille_shift_matching,src/lib/cm/contracts/uploadConsentPdf.ts,86,Google Drive/file operation
famille_shift_matching,src/lib/cm/contracts/uploadConsentPdf.ts,87,Google Drive/file operation
famille_shift_matching,src/lib/cm/contracts/uploadConsentPdf.ts,89,Google Drive/file operation
famille_shift_matching,src/lib/cm/contracts/uploadConsentPdf.ts,191,Google Drive/file operation
famille_shift_matching,src/lib/cm/contracts/uploadConsentPdf.ts,198,Google Drive/file operation
famille_shift_matching,src/lib/cm/contracts/uploadConsentPdf.ts,199,Google Drive/file operation
famille_shift_matching,src/lib/cm/contracts/uploadConsentPdf.ts,200,Google Drive/file operation
famille_shift_matching,src/lib/cm/contracts/uploadConsentPdf.ts,203,Google Drive/file operation
famille_shift_matching,src/lib/cm/contracts/uploadConsentPdf.ts,207,Google Drive/file operation
famille_shift_matching,src/lib/cm/contracts/uploadConsentPdf.ts,233,Google Drive/file operation
famille_shift_matching,src/lib/cm/contracts/uploadConsentPdf.ts,262,Google Drive/file operation
famille_shift_matching,src/components/CsDocsPageClient.tsx,21,Google Drive/file operation
famille_shift_matching,src/components/CsDocsPageClient.tsx,79,Google Drive/file operation
famille_shift_matching,src/components/CsDocsPageClient.tsx,88,Google Drive/file operation
famille_shift_matching,src/components/DocUploader.tsx,2,Google Drive/file operation
famille_shift_matching,src/components/DocUploader.tsx,4,Google Drive/file operation
famille_shift_matching,src/components/DocUploader.tsx,7,Google Drive/file operation
famille_shift_matching,src/components/DocUploader.tsx,29,Google Drive/file operation
famille_shift_matching,src/components/DocUploader.tsx,36,Google Drive/file operation
famille_shift_matching,src/components/DocUploader.tsx,47,Google Drive/file operation
famille_shift_matching,src/components/DocUploader.tsx,53,Google Drive/file operation
famille_shift_matching,src/components/DocUploader.tsx,59,Google Drive/file operation
famille_shift_matching,src/components/DocUploader.tsx,64,Google Drive/file operation
famille_shift_matching,src/components/DocUploader.tsx,71,Google Drive/file operation
famille_shift_matching,src/components/DocUploader.tsx,95,Google Drive/file operation
famille_shift_matching,src/components/DocUploader.tsx,100,Google Drive/file operation
famille_shift_matching,src/components/DocUploader.tsx,103,Google Drive/file operation
famille_shift_matching,src/components/DocUploader.tsx,119,Google Drive/file operation
famille_shift_matching,src/components/DocUploader.tsx,125,Google Drive/file operation
famille_shift_matching,src/components/DocUploader.tsx,126,Google Drive/file operation
famille_shift_matching,src/components/DocUploader.tsx,130,Google Drive/file operation
famille_shift_matching,src/components/DocUploader.tsx,131,Google Drive/file operation
famille_shift_matching,src/components/DocUploader.tsx,165,Google Drive/file operation
famille_shift_matching,src/components/DocUploader.tsx,166,Google Drive/file operation
famille_shift_matching,src/components/DocUploader.tsx,174,Google Drive/file operation
famille_shift_matching,src/components/DocUploader.tsx,186,Google Drive/file operation
famille_shift_matching,src/components/DocUploader.tsx,197,Google Drive/file operation
famille_shift_matching,src/components/DocUploader.tsx,219,Google Drive/file operation
famille_shift_matching,src/components/DocUploader.tsx,226,Google Drive/file operation
famille_shift_matching,src/components/DocUploader.tsx,248,Google Drive/file operation
famille_shift_matching,src/components/DocUploader.tsx,255,Google Drive/file operation
famille_shift_matching,src/components/DocUploader.tsx,391,Google Drive/file operation
famille_shift_matching,src/components/DocUploader.tsx,392,Google Drive/file operation
famille_shift_matching,src/components/DocUploader.tsx,403,Google Drive/file operation
famille_shift_matching,src/components/DocUploader.tsx,408,Google Drive/file operation
famille_shift_matching,src/components/DocUploader.tsx,410,Google Drive/file operation
famille_shift_matching,src/components/DocUploader.tsx,437,Google Drive/file operation
famille_shift_matching,src/components/OrgIconManager.tsx,35,Google Drive/file operation
famille_shift_matching,src/components/OrgIconManager.tsx,89,Google Drive/file operation
famille_shift_matching,src/components/OrgIconManager.tsx,91,Google Drive/file operation
famille_shift_matching,src/components/OrgIconManager.tsx,97,Google Drive/file operation
famille_shift_matching,src/components/OrgIconManager.tsx,106,Google Drive/file operation
famille_shift_matching,src/components/OrgIconManager.tsx,116,Google Drive/file operation
famille_shift_matching,src/components/OrgIconManager.tsx,125,Google Drive/file operation
famille_shift_matching,src/components/OrgIconManager.tsx,160,Google Drive/file operation
famille_shift_matching,src/components/OrgIconManager.tsx,161,Google Drive/file operation
famille_shift_matching,src/components/shift-reject-performance-test/ShiftRejectCardPerformanceTest.tsx,27,Google Drive/file operation
famille_shift_matching,src/components/shift-reject-performance-test/ShiftRejectCardPerformanceTest.tsx,110,Google Drive/file operation
famille_shift_matching,src/components/shift-reject-performance-test/ShiftRejectCardPerformanceTest.tsx,120,Google Drive/file operation
famille_shift_matching,src/components/shift-reject-performance-test/ShiftRejectCardPerformanceTest.tsx,799,Google Drive/file operation
famille_shift_matching,src/components/shift-reject-performance-test/ShiftRejectCardPerformanceTest.tsx,805,Google Drive/file operation
famille_shift_matching,src/components/shift/ShiftCard.tsx,16,Google Drive/file operation
famille_shift_matching,src/components/shift/ShiftCard.tsx,19,Google Drive/file operation
famille_shift_matching,src/components/shift/ShiftCard.tsx,323,Google Drive/file operation
famille_shift_matching,src/components/shift/ShiftCard.tsx,346,Google Drive/file operation
famille_shift_matching,src/components/shift/ShiftCard.tsx,347,Google Drive/file operation
famille_shift_matching,src/components/shift/ShiftCard.tsx,706,Google Drive/file operation
famille_shift_matching,src/components/shift/ShiftCard.tsx,707,Google Drive/file operation
famille_shift_matching,src/components/shift/ShiftCard.tsx,1679,Google Drive/file operation
famille_shift_matching,src/components/shift/ShiftCard.tsx,1687,Google Drive/file operation
famille_shift_matching,src/components/cm-components/local-fax-phonebook/CmLocalFaxPhonebookPageContent.tsx,10,Google Drive/file operation
famille_shift_matching,src/components/cm-components/local-fax-phonebook/CmLocalFaxPhonebookPageContent.tsx,365,Google Drive/file operation
famille_shift_matching,src/components/cm-components/fax/CmFaxDetailContent.tsx,415,Google Drive/file operation
famille_shift_matching,src/components/cm-components/fax/CmPdfViewer.tsx,23,Google Drive/file operation
famille_shift_matching,src/components/cm-components/fax/CmPdfViewer.tsx,31,Google Drive/file operation
famille_shift_matching,src/components/cm-components/fax/CmPdfViewer.tsx,41,Google Drive/file operation
famille_shift_matching,src/components/cm-components/contracts/CmConsentFormPageContent.tsx,12,Google Drive/file operation
famille_shift_matching,src/components/cm-components/contracts/CmConsentFormPageContent.tsx,24,Google Drive/file operation
famille_shift_matching,src/components/cm-components/contracts/CmConsentFormPageContent.tsx,205,Google Drive/file operation
famille_shift_matching,src/components/cm-components/contracts/CmConsentFormPageContent.tsx,375,Google Drive/file operation
famille_shift_matching,src/components/cm-components/contracts/CmContractCreateStep3.tsx,14,Google Drive/file operation
famille_shift_matching,src/components/cm-components/contracts/CmContractCreateStep3.tsx,159,Google Drive/file operation
famille_shift_matching,src/app/portal/layout.tsx,70,Google Drive/file operation
famille_shift_matching,src/app/portal/layout.tsx,75,Google Drive/file operation
famille_shift_matching,src/app/portal/layout.tsx,93,Google Drive/file operation
famille_shift_matching,src/app/portal/layout.tsx,94,Google Drive/file operation
famille_shift_matching,src/app/portal/layout.tsx,352,Google Drive/file operation
famille_shift_matching,src/app/portal/layout.tsx,357,Google Drive/file operation
famille_shift_matching,src/app/portal/layout.tsx,364,Google Drive/file operation
famille_shift_matching,src/app/portal/layout.tsx,384,Google Drive/file operation
famille_shift_matching,src/app/portal/layout.tsx,393,Google Drive/file operation
famille_shift_matching,src/app/portal/layout.tsx,407,Google Drive/file operation
famille_shift_matching,src/app/portal/layout.tsx,506,Google Drive/file operation
famille_shift_matching,src/app/portal/layout.tsx,512,Google Drive/file operation
famille_shift_matching,src/app/portal/layout.tsx,570,Google Drive/file operation
famille_shift_matching,src/app/portal/layout.tsx,585,Google Drive/file operation
famille_shift_matching,src/app/portal/page.tsx,14,Google Drive/file operation
famille_shift_matching,src/app/portal/page.tsx,165,Google Drive/file operation
famille_shift_matching,src/app/portal/page.tsx,166,Google Drive/file operation
famille_shift_matching,src/app/portal/page.tsx,254,Google Drive/file operation
famille_shift_matching,src/app/portal/page.tsx,292,Google Drive/file operation
famille_shift_matching,src/app/portal/page.tsx,733,Google Drive/file operation
famille_shift_matching,src/app/portal/page.tsx,736,Google Drive/file operation
famille_shift_matching,src/app/portal/page.tsx,758,Google Drive/file operation
famille_shift_matching,src/app/portal/wf-seisan-shinsei/page.tsx,80,Google Drive/file operation
famille_shift_matching,src/app/portal/wf-seisan-shinsei/page.tsx,281,Google Drive/file operation
famille_shift_matching,src/app/portal/wf-seisan-shinsei/page.tsx,282,Google Drive/file operation
famille_shift_matching,src/app/portal/wf-seisan-shinsei/page.tsx,316,Google Drive/file operation
famille_shift_matching,src/app/portal/wf-seisan-shinsei/page.tsx,317,Google Drive/file operation
famille_shift_matching,src/app/portal/wf-seisan-shinsei/page.tsx,322,Google Drive/file operation
famille_shift_matching,src/app/portal/wf-seisan-shinsei/page.tsx,324,Google Drive/file operation
famille_shift_matching,src/app/portal/wf-seisan-shinsei/page.tsx,334,Google Drive/file operation
famille_shift_matching,src/app/portal/wf-seisan-shinsei/page.tsx,656,Google Drive/file operation
famille_shift_matching,src/app/portal/wf-seisan-shinsei/page.tsx,663,Google Drive/file operation
famille_shift_matching,src/app/portal/wf-seisan-shinsei/page.tsx,680,Google Drive/file operation
famille_shift_matching,src/app/portal/wf-seisan-shinsei/page.tsx,681,Google Drive/file operation
famille_shift_matching,src/app/portal/wf-seisan-shinsei/page.tsx,691,Google Drive/file operation
famille_shift_matching,src/app/portal/wf-seisan-shinsei/page.tsx,717,Google Drive/file operation
famille_shift_matching,src/app/portal/wf-seisan-shinsei/page.tsx,741,Google Drive/file operation
famille_shift_matching,src/app/portal/wf-seisan-shinsei/page.tsx,1084,Google Drive/file operation
famille_shift_matching,src/app/portal/wf-seisan-shinsei/page.tsx,1167,Google Drive/file operation
famille_shift_matching,src/app/portal/wf-seisan-shinsei/page.tsx,1171,Google Drive/file operation
famille_shift_matching,src/app/portal/wf-seisan-shinsei/page.tsx,1173,Google Drive/file operation
famille_shift_matching,src/app/portal/wf-seisan-shinsei/page.tsx,1189,Google Drive/file operation
famille_shift_matching,src/app/portal/wf-seisan-shinsei/page.tsx,1193,Google Drive/file operation
famille_shift_matching,src/app/portal/wf-seisan-shinsei/page.tsx,1195,Google Drive/file operation
famille_shift_matching,src/app/portal/wf-seisan-shinsei/page.tsx,1222,Google Drive/file operation
famille_shift_matching,src/app/portal/wf-seisan-shinsei/page.tsx,1226,Google Drive/file operation
famille_shift_matching,src/app/portal/wf-seisan-shinsei/page.tsx,1227,Google Drive/file operation
famille_shift_matching,src/app/portal/wf-seisan-shinsei/page.tsx,1236,Google Drive/file operation
famille_shift_matching,src/app/portal/wf-seisan-shinsei/page.tsx,1238,Google Drive/file operation
famille_shift_matching,src/app/portal/wf-seisan-shinsei/page.tsx,1239,Google Drive/file operation
famille_shift_matching,src/app/portal/taimee-emp/page.tsx,260,Google Drive/file operation
famille_shift_matching,src/app/portal/taimee-emp/page.tsx,270,Google Drive/file operation
famille_shift_matching,src/app/portal/taimee-emp/page.tsx,301,Google Drive/file operation
famille_shift_matching,src/app/portal/taimee-emp/page.tsx,681,Google Drive/file operation
famille_shift_matching,src/app/portal/shift-wish/page.tsx,10,Google Drive/file operation
famille_shift_matching,src/app/portal/shift-wish/page.tsx,12,Google Drive/file operation
famille_shift_matching,src/app/portal/shift-wish/page.tsx,16,Google Drive/file operation
famille_shift_matching,src/app/portal/shift-wish/page.tsx,138,Google Drive/file operation
famille_shift_matching,src/app/portal/shift-wish/page.tsx,151,Google Drive/file operation
famille_shift_matching,src/app/portal/shift-wish/page.tsx,153,Google Drive/file operation
famille_shift_matching,src/app/portal/shift-wish/page.tsx,180,Google Drive/file operation
famille_shift_matching,src/app/portal/shift-wish/page.tsx,181,Google Drive/file operation
famille_shift_matching,src/app/portal/kaipoke-info-detail/[id]/page.tsx,111,Google Drive/file operation
famille_shift_matching,src/app/portal/kaipoke-info-detail/[id]/page.tsx,303,Google Drive/file operation
famille_shift_matching,src/app/portal/kaipoke-info-detail/[id]/page.tsx,316,Google Drive/file operation
famille_shift_matching,src/app/portal/kaipoke-info-detail/[id]/page.tsx,339,Google Drive/file operation
famille_shift_matching,src/app/portal/kaipoke-info-detail/[id]/page.tsx,349,Google Drive/file operation
famille_shift_matching,src/app/portal/kaipoke-info-detail/[id]/page.tsx,716,Google Drive/file operation
famille_shift_matching,src/app/portal/kaipoke-info-detail/[id]/page.tsx,724,Google Drive/file operation
famille_shift_matching,src/app/portal/kaipoke-info-detail/[id]/page.tsx,729,Google Drive/file operation
famille_shift_matching,src/app/portal/kaipoke-info-detail/[id]/page.tsx,750,Google Drive/file operation
famille_shift_matching,src/app/portal/kaipoke-info-detail/[id]/page.tsx,762,Google Drive/file operation
famille_shift_matching,src/app/portal/kaipoke-info-detail/[id]/page.tsx,828,Google Drive/file operation
famille_shift_matching,src/app/portal/kaipoke-info-detail/[id]/page.tsx,834,Google Drive/file operation
famille_shift_matching,src/app/portal/kaipoke-info-detail/[id]/page.tsx,842,Google Drive/file operation
famille_shift_matching,src/app/portal/kaipoke-info-detail/[id]/page.tsx,1327,Google Drive/file operation
famille_shift_matching,src/app/portal/kaipoke-info-detail/[id]/page.tsx,1332,Google Drive/file operation
famille_shift_matching,src/app/portal/kaipoke-info-detail/[id]/page.tsx,1530,Google Drive/file operation
famille_shift_matching,src/app/portal/kaipoke-info-detail/[id]/page.tsx,1533,Google Drive/file operation
famille_shift_matching,src/app/portal/kaipoke-info-detail/[id]/page.tsx,1664,Google Drive/file operation
famille_shift_matching,src/app/portal/kaipoke-info-detail/[id]/page.tsx,1707,Google Drive/file operation
famille_shift_matching,src/app/portal/kaipoke-info-detail/[id]/page.tsx,1708,Google Drive/file operation
famille_shift_matching,src/app/portal/kaipoke-info-detail/[id]/page.tsx,1709,Google Drive/file operation
famille_shift_matching,src/app/portal/kaipoke-info-detail/[id]/page.tsx,1711,Google Drive/file operation
famille_shift_matching,src/app/portal/kaipoke-info-detail/[id]/page.tsx,1712,Google Drive/file operation
famille_shift_matching,src/app/portal/kaipoke-info-detail/[id]/page.tsx,1727,Google Drive/file operation
famille_shift_matching,src/app/portal/kaipoke-info-detail/[id]/page.tsx,1728,Google Drive/file operation
famille_shift_matching,src/app/portal/kaipoke-info-detail/[id]/monitoring/[monitoringId]/page.tsx,10,Google Drive/file operation
famille_shift_matching,src/app/portal/kaipoke-info-detail/[id]/monitoring/[monitoringId]/page.tsx,216,Google Drive/file operation
famille_shift_matching,src/app/portal/kaipoke-info-detail/[id]/monitoring/[monitoringId]/page.tsx,222,Google Drive/file operation
famille_shift_matching,src/app/portal/kaipoke-info-detail/[id]/monitoring/[monitoringId]/page.tsx,225,Google Drive/file operation
famille_shift_matching,src/app/portal/kaipoke-info-detail/[id]/monitoring/[monitoringId]/page.tsx,407,Google Drive/file operation
famille_shift_matching,src/app/portal/health-check-results/page.tsx,14,Google Drive/file operation
famille_shift_matching,src/app/portal/health-check-results/page.tsx,35,Google Drive/file operation
famille_shift_matching,src/app/portal/health-check-results/page.tsx,108,Google Drive/file operation
famille_shift_matching,src/app/portal/health-check-results/page.tsx,251,Google Drive/file operation
famille_shift_matching,src/app/portal/health-check-results/page.tsx,253,Google Drive/file operation
famille_shift_matching,src/app/portal/health-check-results/page.tsx,254,Google Drive/file operation
famille_shift_matching,src/app/portal/health-check-results/page.tsx,257,Google Drive/file operation
famille_shift_matching,src/app/portal/health-check-results/page.tsx,258,Google Drive/file operation
famille_shift_matching,src/app/portal/fax-sending/page.tsx,129,Google Drive/file operation
famille_shift_matching,src/app/portal/fax-sending/page.tsx,284,Google Drive/file operation
famille_shift_matching,src/app/portal/fax-sending/page.tsx,353,Google Drive/file operation
famille_shift_matching,src/app/portal/fax-sending/page.tsx,447,Google Drive/file operation
famille_shift_matching,src/app/portal/fax-sending/page.tsx,579,Google Drive/file operation
famille_shift_matching,src/app/portal/fax-sending/page.tsx,581,Google Drive/file operation
famille_shift_matching,src/app/portal/fax-sending/page.tsx,586,Google Drive/file operation
famille_shift_matching,src/app/portal/entry-detail/[id]/page.tsx,16,Google Drive/file operation
famille_shift_matching,src/app/portal/entry-detail/[id]/page.tsx,32,Google Drive/file operation
famille_shift_matching,src/app/portal/entry-detail/[id]/page.tsx,141,Google Drive/file operation
famille_shift_matching,src/app/portal/entry-detail/[id]/page.tsx,142,Google Drive/file operation
famille_shift_matching,src/app/portal/entry-detail/[id]/page.tsx,225,Google Drive/file operation
famille_shift_matching,src/app/portal/entry-detail/[id]/page.tsx,226,Google Drive/file operation
famille_shift_matching,src/app/portal/entry-detail/[id]/page.tsx,380,Google Drive/file operation
famille_shift_matching,src/app/portal/entry-detail/[id]/page.tsx,381,Google Drive/file operation
famille_shift_matching,src/app/portal/entry-detail/[id]/page.tsx,384,Google Drive/file operation
famille_shift_matching,src/app/portal/entry-detail/[id]/page.tsx,389,Google Drive/file operation
famille_shift_matching,src/app/portal/entry-detail/[id]/page.tsx,420,Google Drive/file operation
famille_shift_matching,src/app/portal/entry-detail/[id]/page.tsx,421,Google Drive/file operation
famille_shift_matching,src/app/portal/entry-detail/[id]/page.tsx,436,Google Drive/file operation
famille_shift_matching,src/app/portal/entry-detail/[id]/page.tsx,448,Google Drive/file operation
famille_shift_matching,src/app/portal/entry-detail/[id]/page.tsx,450,Google Drive/file operation
famille_shift_matching,src/app/portal/entry-detail/[id]/page.tsx,451,Google Drive/file operation
famille_shift_matching,src/app/portal/entry-detail/[id]/page.tsx,460,Google Drive/file operation
famille_shift_matching,src/app/portal/entry-detail/[id]/page.tsx,467,Google Drive/file operation
famille_shift_matching,src/app/portal/entry-detail/[id]/page.tsx,1074,Google Drive/file operation
famille_shift_matching,src/app/portal/entry-detail/[id]/page.tsx,1276,Google Drive/file operation
famille_shift_matching,src/app/portal/entry-detail/[id]/page.tsx,1285,Google Drive/file operation
famille_shift_matching,src/app/portal/entry-detail/[id]/page.tsx,1286,Google Drive/file operation
famille_shift_matching,src/app/portal/entry-detail/[id]/page.tsx,1371,Google Drive/file operation
famille_shift_matching,src/app/portal/entry-detail/[id]/page.tsx,1376,Google Drive/file operation
famille_shift_matching,src/app/portal/entry-detail/[id]/page.tsx,1377,Google Drive/file operation
famille_shift_matching,src/app/portal/entry-detail/[id]/page.tsx,1430,Google Drive/file operation
famille_shift_matching,src/app/portal/entry-detail/[id]/page.tsx,1436,Google Drive/file operation
famille_shift_matching,src/app/portal/entry-detail/[id]/page.tsx,1448,Google Drive/file operation
famille_shift_matching,src/app/portal/entry-detail/[id]/page.tsx,1461,Google Drive/file operation
famille_shift_matching,src/app/portal/entry-detail/[id]/page.tsx,1620,Google Drive/file operation
famille_shift_matching,src/app/portal/entry-detail/[id]/page.tsx,2072,Google Drive/file operation
famille_shift_matching,src/app/portal/entry-detail/[id]/page.tsx,2106,Google Drive/file operation
famille_shift_matching,src/app/portal/entry-detail/[id]/page.tsx,2139,Google Drive/file operation
famille_shift_matching,src/app/portal/entry-detail/[id]/page.tsx,2157,Google Drive/file operation
famille_shift_matching,src/app/portal/entry-detail/[id]/page.tsx,2189,Google Drive/file operation
famille_shift_matching,src/app/portal/entry-detail/[id]/page.tsx,2406,Google Drive/file operation
famille_shift_matching,src/app/portal/entry-detail/[id]/page.tsx,2407,Google Drive/file operation
famille_shift_matching,src/app/portal/entry-detail/[id]/page.tsx,2408,Google Drive/file operation
famille_shift_matching,src/app/portal/entry-detail/[id]/page.tsx,2409,Google Drive/file operation
famille_shift_matching,src/app/portal/entry-detail/[id]/page.tsx,2426,Google Drive/file operation
famille_shift_matching,src/app/portal/entry-detail/[id]/page.tsx,2427,Google Drive/file operation
famille_shift_matching,src/app/portal/entry-detail/[id]/page.tsx,2435,Google Drive/file operation
famille_shift_matching,src/app/portal/entry-detail/[id]/page.tsx,2477,Google Drive/file operation
famille_shift_matching,src/app/portal/bento/admin/page.tsx,191,Google Drive/file operation
famille_shift_matching,src/app/portal/bento/admin/page.tsx,727,Google Drive/file operation
famille_shift_matching,src/app/portal/bento/admin/page.tsx,737,Google Drive/file operation
famille_shift_matching,src/app/portal/bento/admin/page.tsx,743,Google Drive/file operation
famille_shift_matching,src/app/portal/bento/admin/page.tsx,745,Google Drive/file operation
famille_shift_matching,src/app/portal/bento/admin/page.tsx,747,Google Drive/file operation
famille_shift_matching,src/app/portal/bento/admin/page.tsx,749,Google Drive/file operation
famille_shift_matching,src/app/portal/bento/admin/page.tsx,751,Google Drive/file operation
famille_shift_matching,src/app/portal/bento/admin/page.tsx,776,Google Drive/file operation
famille_shift_matching,src/app/portal/bento/admin/page.tsx,788,Google Drive/file operation
famille_shift_matching,src/app/portal/bento/admin/page.tsx,1220,Google Drive/file operation
famille_shift_matching,src/app/portal/bento/admin/page.tsx,1221,Google Drive/file operation
famille_shift_matching,src/app/portal/bento/admin/page.tsx,1264,Google Drive/file operation
famille_shift_matching,src/app/portal/badge/page.tsx,15,Google Drive/file operation
famille_shift_matching,src/app/expense-reimbursement/page.tsx,44,Google Drive/file operation
famille_shift_matching,src/app/expense-reimbursement/page.tsx,49,Google Drive/file operation
famille_shift_matching,src/app/expense-reimbursement/page.tsx,53,Google Drive/file operation
famille_shift_matching,src/app/expense-reimbursement/page.tsx,54,Google Drive/file operation
famille_shift_matching,src/app/expense-claim/page.tsx,19,Google Drive/file operation
famille_shift_matching,src/app/expense-claim/page.tsx,52,Google Drive/file operation
famille_shift_matching,src/app/expense-claim/page.tsx,55,Google Drive/file operation
famille_shift_matching,src/app/expense-claim/page.tsx,56,Google Drive/file operation
famille_shift_matching,src/app/expense-claim/page.tsx,60,Google Drive/file operation
famille_shift_matching,src/app/expense-claim/page.tsx,61,Google Drive/file operation
famille_shift_matching,src/app/expense-claim/page.tsx,67,Google Drive/file operation
famille_shift_matching,src/app/expense-claim/page.tsx,70,Google Drive/file operation
famille_shift_matching,src/app/expense-claim/page.tsx,79,Google Drive/file operation
famille_shift_matching,src/app/expense-claim/page.tsx,312,Google Drive/file operation
famille_shift_matching,src/app/expense-claim/page.tsx,321,Google Drive/file operation
famille_shift_matching,src/app/expense-claim/page.tsx,322,Google Drive/file operation
famille_shift_matching,src/app/expense-claim/page.tsx,327,Google Drive/file operation
famille_shift_matching,src/app/expense-claim/page.tsx,384,Google Drive/file operation
famille_shift_matching,src/app/entry/page.tsx,12,Google Drive/file operation
famille_shift_matching,src/app/entry/page.tsx,128,Google Drive/file operation
famille_shift_matching,src/app/entry/page.tsx,162,Google Drive/file operation
famille_shift_matching,src/app/entry/page.tsx,170,Google Drive/file operation
famille_shift_matching,src/app/entry/page.tsx,171,Google Drive/file operation
famille_shift_matching,src/app/entry/page.tsx,172,Google Drive/file operation
famille_shift_matching,src/app/entry/page.tsx,173,Google Drive/file operation
famille_shift_matching,src/app/entry/page.tsx,174,Google Drive/file operation
famille_shift_matching,src/app/api/webhook/route.ts,20,Google Drive/file operation
famille_shift_matching,src/app/api/webhook/route.ts,119,Google Drive/file operation
famille_shift_matching,src/app/api/webhook/route.ts,193,Google Drive/file operation
famille_shift_matching,src/app/api/webhook/route.ts,194,Google Drive/file operation
famille_shift_matching,src/app/api/webhook/route.ts,533,Google Drive/file operation
famille_shift_matching,src/app/api/webhook/route.ts,550,Google Drive/file operation
famille_shift_matching,src/app/api/upload-lwuser_icon/route.ts,48,Google Drive/file operation
famille_shift_matching,src/app/api/upload-lwuser_icon/route.ts,49,Google Drive/file operation
famille_shift_matching,src/app/api/upload-lwuser_icon/route.ts,67,Google Drive/file operation
famille_shift_matching,src/app/api/upload/route.ts,1,Google Drive/file operation
famille_shift_matching,src/app/api/upload/route.ts,2,Google Drive/file operation
famille_shift_matching,src/app/api/upload/route.ts,11,Google Drive/file operation
famille_shift_matching,src/app/api/upload/route.ts,23,Google Drive/file operation
famille_shift_matching,src/app/api/upload/route.ts,31,Google Drive/file operation
famille_shift_matching,src/app/api/upload/route.ts,48,Google Drive/file operation
famille_shift_matching,src/app/api/upload/route.ts,58,Google Drive/file operation
famille_shift_matching,src/app/api/upload/route.ts,61,Google Drive/file operation
famille_shift_matching,src/app/api/upload/route.ts,65,Google Drive/file operation
famille_shift_matching,src/app/api/upload/route.ts,67,Google Drive/file operation
famille_shift_matching,src/app/api/upload/route.ts,70,Google Drive/file operation
famille_shift_matching,src/app/api/upload/route.ts,76,Google Drive/file operation
famille_shift_matching,src/app/api/upload/route.ts,80,Google Drive/file operation
famille_shift_matching,src/app/api/upload/route.ts,82,Google Drive/file operation
famille_shift_matching,src/app/api/upload/route.ts,83,Google Drive/file operation
famille_shift_matching,src/app/api/upload/route.ts,85,Google Drive/file operation
famille_shift_matching,src/app/api/upload/route.ts,91,Google Drive/file operation
famille_shift_matching,src/app/api/upload/route.ts,97,Google Drive/file operation
famille_shift_matching,src/app/api/upload/route.ts,100,Google Drive/file operation
famille_shift_matching,src/app/api/upload/route.ts,102,Google Drive/file operation
famille_shift_matching,src/app/api/upload/route.ts,103,Google Drive/file operation
famille_shift_matching,src/app/api/upload/route.ts,114,Google Drive/file operation
famille_shift_matching,src/app/api/upload/route.ts,116,Google Drive/file operation
famille_shift_matching,src/app/api/upload/route.ts,124,Google Drive/file operation
famille_shift_matching,src/app/api/upload/route.ts,140,Google Drive/file operation
famille_shift_matching,src/app/api/upload/route.ts,160,Google Drive/file operation
famille_shift_matching,src/app/api/upload/route.ts,173,Google Drive/file operation
famille_shift_matching,src/app/api/upload/route.ts,184,Google Drive/file operation
famille_shift_matching,src/app/api/upload/route.ts,194,Google Drive/file operation
famille_shift_matching,src/app/api/upload/route.ts,200,Google Drive/file operation
famille_shift_matching,src/app/api/upload/route.ts,202,Google Drive/file operation
famille_shift_matching,src/app/api/upload/route.ts,208,Google Drive/file operation
famille_shift_matching,src/app/api/upload/route.ts,212,Google Drive/file operation
famille_shift_matching,src/app/api/upload/route.ts,215,Google Drive/file operation
famille_shift_matching,src/app/api/upload/meal-cost/route.ts,1,Google Drive/file operation
famille_shift_matching,src/app/api/upload/meal-cost/route.ts,38,Google Drive/file operation
famille_shift_matching,src/app/api/upload/meal-cost/route.ts,41,Google Drive/file operation
famille_shift_matching,src/app/api/upload/meal-cost/route.ts,59,Google Drive/file operation
famille_shift_matching,src/app/api/upload/meal-cost/route.ts,62,Google Drive/file operation
famille_shift_matching,src/app/api/upload/meal-cost/route.ts,65,Google Drive/file operation
famille_shift_matching,src/app/api/upload/meal-cost/route.ts,68,Google Drive/file operation
famille_shift_matching,src/app/api/upload/meal-cost/route.ts,74,Google Drive/file operation
famille_shift_matching,src/app/api/upload/meal-cost/route.ts,78,Google Drive/file operation
famille_shift_matching,src/app/api/upload/meal-cost/route.ts,79,Google Drive/file operation
famille_shift_matching,src/app/api/upload/meal-cost/route.ts,84,Google Drive/file operation
famille_shift_matching,src/app/api/upload/meal-cost/route.ts,90,Google Drive/file operation
famille_shift_matching,src/app/api/upload/meal-cost/route.ts,94,Google Drive/file operation
famille_shift_matching,src/app/api/upload/meal-cost/route.ts,95,Google Drive/file operation
famille_shift_matching,src/app/api/upload/meal-cost/route.ts,96,Google Drive/file operation
famille_shift_matching,src/app/api/upload/meal-cost/route.ts,97,Google Drive/file operation
famille_shift_matching,src/app/api/upload/meal-cost/route.ts,98,Google Drive/file operation
famille_shift_matching,src/app/api/upload/meal-cost/route.ts,101,Google Drive/file operation
famille_shift_matching,src/app/api/taimee-emp/upload/route.ts,1,Google Drive/file operation
famille_shift_matching,src/app/api/taimee-emp/upload/route.ts,105,Google Drive/file operation
famille_shift_matching,src/app/api/taimee-emp/upload/route.ts,114,Google Drive/file operation
famille_shift_matching,src/app/api/taimee-emp/upload/route.ts,124,Google Drive/file operation
famille_shift_matching,src/app/api/taimee-emp/upload/route.ts,157,Google Drive/file operation
famille_shift_matching,src/app/api/taimee-emp/upload/route.ts,158,Google Drive/file operation
famille_shift_matching,src/app/api/taimee-emp/upload/route.ts,179,Google Drive/file operation
famille_shift_matching,src/app/api/taimee-emp/upload/route.ts,189,Google Drive/file operation
famille_shift_matching,src/app/api/taimee-emp/upload/route.ts,190,Google Drive/file operation
famille_shift_matching,src/app/api/taimee-emp/upload/route.ts,323,Google Drive/file operation
famille_shift_matching,src/app/api/shift-reject-performance-test/initial-data/route.ts,174,Google Drive/file operation
famille_shift_matching,src/app/api/shift-reject-performance-test/initial-data/route.ts,452,Google Drive/file operation
famille_shift_matching,src/app/api/shift-reject-performance-test/initial-data/route.ts,453,Google Drive/file operation
famille_shift_matching,src/app/api/shift-coordinate-performance-test/initial-data/route.ts,122,Google Drive/file operation
famille_shift_matching,src/app/api/shift-coordinate-performance-test/initial-data/route.ts,500,Google Drive/file operation
famille_shift_matching,src/app/api/shift-coordinate-performance-test/initial-data/route.ts,501,Google Drive/file operation
famille_shift_matching,src/app/api/secure-image/route.ts,3,Google Drive/file operation
famille_shift_matching,src/app/api/secure-image/route.ts,11,Google Drive/file operation
famille_shift_matching,src/app/api/secure-image/route.ts,15,Google Drive/file operation
famille_shift_matching,src/app/api/secure-image/route.ts,17,Google Drive/file operation
famille_shift_matching,src/app/api/secure-image/route.ts,18,Google Drive/file operation
famille_shift_matching,src/app/api/secure-image/route.ts,21,Google Drive/file operation
famille_shift_matching,src/app/api/secure-image/route.ts,24,Google Drive/file operation
famille_shift_matching,src/app/api/secure-image/route.ts,25,Google Drive/file operation
famille_shift_matching,src/app/api/secure-image/route.ts,30,Google Drive/file operation
famille_shift_matching,src/app/api/rpa/onboarding/postal-codes/route.ts,4,Google Drive/file operation
famille_shift_matching,src/app/api/plans/[id]/pdf/route.ts,7,Google Drive/file operation
famille_shift_matching,src/app/api/plans/[id]/pdf/route.ts,150,Google Drive/file operation
famille_shift_matching,src/app/api/plans/[id]/pdf/route.ts,158,Google Drive/file operation
famille_shift_matching,src/app/api/plans/[id]/pdf/route.ts,169,Google Drive/file operation
famille_shift_matching,src/app/api/plans/[id]/pdf/route.ts,170,Google Drive/file operation
famille_shift_matching,src/app/api/plans/[id]/pdf/route.ts,184,Google Drive/file operation
famille_shift_matching,src/app/api/plans/[id]/pdf/route.ts,188,Google Drive/file operation
famille_shift_matching,src/app/api/plans/[id]/pdf/route.ts,200,Google Drive/file operation
famille_shift_matching,src/app/api/plans/[id]/pdf/route.ts,203,Google Drive/file operation
famille_shift_matching,src/app/api/plans/[id]/pdf/route.ts,205,Google Drive/file operation
famille_shift_matching,src/app/api/plans/[id]/pdf/route.ts,214,Google Drive/file operation
famille_shift_matching,src/app/api/plans/[id]/pdf/route.ts,218,Google Drive/file operation
famille_shift_matching,src/app/api/plans/[id]/pdf/route.ts,220,Google Drive/file operation
famille_shift_matching,src/app/api/plans/[id]/pdf/route.ts,221,Google Drive/file operation
famille_shift_matching,src/app/api/plans/[id]/pdf/route.ts,225,Google Drive/file operation
famille_shift_matching,src/app/api/plans/[id]/pdf/route.ts,231,Google Drive/file operation
famille_shift_matching,src/app/api/plans/[id]/pdf/route.ts,234,Google Drive/file operation
famille_shift_matching,src/app/api/plans/[id]/pdf/route.ts,237,Google Drive/file operation
famille_shift_matching,src/app/api/plans/[id]/pdf/route.ts,239,Google Drive/file operation
famille_shift_matching,src/app/api/monitorings/[id]/pdf/route.ts,70,Google Drive/file operation
famille_shift_matching,src/app/api/monitorings/[id]/pdf/route.ts,72,Google Drive/file operation
famille_shift_matching,src/app/api/monitorings/[id]/pdf/route.ts,73,Google Drive/file operation
famille_shift_matching,src/app/api/monitorings/[id]/pdf/route.ts,134,Google Drive/file operation
famille_shift_matching,src/app/api/monitorings/[id]/pdf/route.ts,136,Google Drive/file operation
famille_shift_matching,src/app/api/monitorings/[id]/pdf/route.ts,137,Google Drive/file operation
famille_shift_matching,src/app/api/monitorings/[id]/pdf/route.ts,138,Google Drive/file operation
famille_shift_matching,src/app/api/monitorings/[id]/fax/route.ts,115,Google Drive/file operation
famille_shift_matching,src/app/api/monitorings/[id]/fax/route.ts,117,Google Drive/file operation
famille_shift_matching,src/app/api/monitorings/[id]/fax/route.ts,118,Google Drive/file operation
famille_shift_matching,src/app/api/google-calendar/test/route.ts,1,Google Drive/file operation
famille_shift_matching,src/app/api/google-calendar/register-calendars/route.ts,1,Google Drive/file operation
famille_shift_matching,src/app/api/google-calendar/oauth/start/route.ts,2,Google Drive/file operation
famille_shift_matching,src/app/api/google-calendar/oauth/start/route.ts,69,Google Drive/file operation
famille_shift_matching,src/app/api/google-calendar/oauth/start/route.ts,70,Google Drive/file operation
famille_shift_matching,src/app/api/google-calendar/oauth/callback/route.ts,1,Google Drive/file operation
famille_shift_matching,src/app/api/expense-claims/upload/route.ts,1,Google Drive/file operation
famille_shift_matching,src/app/api/expense-claims/upload/route.ts,3,Google Drive/file operation
famille_shift_matching,src/app/api/expense-claims/upload/route.ts,15,Google Drive/file operation
famille_shift_matching,src/app/api/expense-claims/upload/route.ts,118,Google Drive/file operation
famille_shift_matching,src/app/api/expense-claims/upload/route.ts,137,Google Drive/file operation
famille_shift_matching,src/app/api/expense-claims/upload/route.ts,151,Google Drive/file operation
famille_shift_matching,src/app/api/expense-claims/upload/route.ts,156,Google Drive/file operation
famille_shift_matching,src/app/api/expense-claims/upload/route.ts,162,Google Drive/file operation
famille_shift_matching,src/app/api/expense-claims/upload/route.ts,166,Google Drive/file operation
famille_shift_matching,src/app/api/expense-claims/upload/route.ts,174,Google Drive/file operation
famille_shift_matching,src/app/api/expense-claims/upload/route.ts,188,Google Drive/file operation
famille_shift_matching,src/app/api/expense-claims/upload/route.ts,193,Google Drive/file operation
famille_shift_matching,src/app/api/expense-claims/upload/route.ts,195,Google Drive/file operation
famille_shift_matching,src/app/api/expense-claims/upload/route.ts,197,Google Drive/file operation
famille_shift_matching,src/app/api/expense-claims/upload/route.ts,198,Google Drive/file operation
famille_shift_matching,src/app/api/expense-claims/upload/route.ts,216,Google Drive/file operation
famille_shift_matching,src/app/api/expense-claims/upload/route.ts,222,Google Drive/file operation
famille_shift_matching,src/app/api/expense-claims/upload/route.ts,226,Google Drive/file operation
famille_shift_matching,src/app/api/expense-claims/upload/route.ts,229,Google Drive/file operation
famille_shift_matching,src/app/api/expense-claims/upload/route.ts,232,Google Drive/file operation
famille_shift_matching,src/app/api/expense-claims/upload/route.ts,234,Google Drive/file operation
famille_shift_matching,src/app/api/expense-claims/upload/route.ts,236,Google Drive/file operation
famille_shift_matching,src/app/api/expense-claims/upload/route.ts,245,Google Drive/file operation
famille_shift_matching,src/app/api/expense-claims/upload/route.ts,247,Google Drive/file operation
famille_shift_matching,src/app/api/expense-claims/upload/route.ts,250,Google Drive/file operation
famille_shift_matching,src/app/api/expense-claims/upload/route.ts,254,Google Drive/file operation
famille_shift_matching,src/app/api/expense-claims/upload/route.ts,260,Google Drive/file operation
famille_shift_matching,src/app/api/expense-claims/upload/route.ts,263,Google Drive/file operation
famille_shift_matching,src/app/api/expense-claims/upload/route.ts,269,Google Drive/file operation
famille_shift_matching,src/app/api/entry/attachments/route.ts,2,Google Drive/file operation
famille_shift_matching,src/app/api/entry/attachments/route.ts,27,Google Drive/file operation
famille_shift_matching,src/app/api/entry/attachments/route.ts,31,Google Drive/file operation
famille_shift_matching,src/app/api/entry/attachments/route.ts,32,Google Drive/file operation
famille_shift_matching,src/app/api/entry/attachments/route.ts,33,Google Drive/file operation
famille_shift_matching,src/app/api/entry/attachments/route.ts,34,Google Drive/file operation
famille_shift_matching,src/app/api/entry/attachments/route.ts,36,Google Drive/file operation
famille_shift_matching,src/app/api/entry/attachments/route.ts,39,Google Drive/file operation
famille_shift_matching,src/app/api/entry/attachments/route.ts,40,Google Drive/file operation
famille_shift_matching,src/app/api/entry/attachments/route.ts,42,Google Drive/file operation
famille_shift_matching,src/app/api/entry/attachments/route.ts,43,Google Drive/file operation
famille_shift_matching,src/app/api/entry/attachments/route.ts,45,Google Drive/file operation
famille_shift_matching,src/app/api/entry/attachments/route.ts,48,Google Drive/file operation
famille_shift_matching,src/app/api/cs-docs/sync-from-documents/route.ts,10,Google Drive/file operation
famille_shift_matching,src/app/api/cs-docs/sync-from-documents/route.ts,135,Google Drive/file operation
famille_shift_matching,src/app/api/cron/google-calendar-sync/route.ts,1,Google Drive/file operation
famille_shift_matching,src/app/api/cron/entry-attachment-reconcile/route.ts,2,Google Drive/file operation
famille_shift_matching,src/app/api/cron/entry-attachment-reconcile/route.ts,20,Google Drive/file operation
famille_shift_matching,src/app/api/cron/entry-attachment-reconcile/route.ts,24,Google Drive/file operation
famille_shift_matching,src/app/api/cron/entry-attachment-reconcile/route.ts,25,Google Drive/file operation
famille_shift_matching,src/app/api/cron/entry-attachment-reconcile/route.ts,26,Google Drive/file operation
famille_shift_matching,src/app/api/cron/entry-attachment-reconcile/route.ts,35,Google Drive/file operation
famille_shift_matching,src/app/api/cron/entry-attachment-reconcile/route.ts,36,Google Drive/file operation
famille_shift_matching,src/app/api/cron/entry-attachment-reconcile/route.ts,39,Google Drive/file operation
famille_shift_matching,src/app/api/cm/fax/pdf/[fileId]/route.ts,2,Google Drive/file operation
famille_shift_matching,src/app/api/cm/fax/pdf/[fileId]/route.ts,7,Google Drive/file operation
famille_shift_matching,src/app/api/cm/fax/pdf/[fileId]/route.ts,23,Google Drive/file operation
famille_shift_matching,src/app/api/cm/fax/pdf/[fileId]/route.ts,26,Google Drive/file operation
famille_shift_matching,src/app/api/cm/fax/pdf/[fileId]/route.ts,29,Google Drive/file operation
famille_shift_matching,src/app/api/cm/fax/pdf/[fileId]/route.ts,34,Google Drive/file operation
famille_shift_matching,src/app/api/cm/fax/pdf/[fileId]/route.ts,36,Google Drive/file operation
famille_shift_matching,src/app/api/cm/fax/pdf/[fileId]/route.ts,65,Google Drive/file operation
famille_shift_matching,src/app/api/cm/fax/pdf/[fileId]/route.ts,68,Google Drive/file operation
famille_shift_matching,src/app/api/cm/fax/pdf/[fileId]/route.ts,75,Google Drive/file operation
famille_shift_matching,src/app/api/cm/fax/pdf/[fileId]/route.ts,77,Google Drive/file operation
famille_shift_matching,src/app/api/cm/fax/pdf/[fileId]/route.ts,86,Google Drive/file operation
famille_shift_matching,src/app/api/cm/fax/pdf/[fileId]/route.ts,95,Google Drive/file operation
famille_shift_matching,src/app/api/callback/archives/route.ts,20,Google Drive/file operation
famille_shift_matching,src/app/api/auth/callback/route.ts,23,Google Drive/file operation
famille_shift_matching,scripts/security/generate-maintenance-sql.mjs,6,Google Drive/file operation
famille_shift_matching,scripts/security/generate-maintenance-sql.mjs,211,Google Drive/file operation
famille_shift_matching,scripts/security/generate-maintenance-sql.mjs,212,Google Drive/file operation
famille_shift_matching,scripts/security/generate-pre-maintenance-audit.mjs,6,Google Drive/file operation
famille_shift_matching,scripts/security/generate-pre-maintenance-audit.mjs,144,Google Drive/file operation
famille-voice54,supabase/functions/transcribe-recording/index.ts,128,Google Drive/file operation
GAS,KasugaiNetToLineWorks/コード.js,84,Google Drive/file operation
GAS,FredyAssistant/コード.js,234,Google Drive/file operation
GAS,FredyAssistant/コード.js,239,Google Drive/file operation
GAS,FredyAssistant/コード.js,242,Google Drive/file operation
GAS,FredyAssistant/コード.js,255,Google Drive/file operation
GAS,FredyAssistant/コード.js,262,Google Drive/file operation
GAS,FredyAssistant/コード.js,268,Google Drive/file operation
GAS,FredyAssistant/コード.js,271,Google Drive/file operation
GAS,FredyAssistant/コード.js,284,Google Drive/file operation
GAS,LibGDUploads/コード.js,9,Google Drive/file operation
GAS,LibGDUploads/コード.js,10,Google Drive/file operation
GAS,kaipokecheck/コード.js,156,Google Drive/file operation
GAS,LibAbbyApiKey/コード.js,2,Google Drive/file operation
GAS,LibAbbyApiKey/コード.js,3,Google Drive/file operation
GAS,AbbyOCRDigiサイン/コード.js,97,Google Drive/file operation
GAS,EntryDocMailToSupabase/コード.js,26,Google Drive/file operation
GAS,EntryDocMailToSupabase/コード.js,30,Google Drive/file operation
GAS,EntryDocMailToSupabase/コード.js,31,Google Drive/file operation
GAS,EntryDocMailToSupabase/コード.js,33,Google Drive/file operation
GAS,EntryDocMailToSupabase/コード.js,60,Google Drive/file operation
GAS,EntryDocMailToSupabase/コード.js,62,Google Drive/file operation
GAS,EntryDocMailToSupabase/コード.js,63,Google Drive/file operation
GAS,EntryDocMailToSupabase/コード.js,88,Google Drive/file operation
GAS,EntryDocMailToSupabase/コード.js,90,Google Drive/file operation
GAS,EntryDocMailToSupabase/コード.js,159,Google Drive/file operation
GAS,EntryDocMailToSupabase/コード.js,160,Google Drive/file operation
GAS,cm_fax_receiver/コード.js,970,Google Drive/file operation
GAS,cm_fax_receiver/コード.js,973,Google Drive/file operation
GAS,cm_fax_receiver/コード.js,1186,Google Drive/file operation
GAS,cm_local-fax-phonebook/コード.js,408,Google Drive/file operation
GAS,cm_local-fax-phonebook/コード.js,735,Google Drive/file operation
GAS,cm_local-fax-phonebook/コード.js,766,Google Drive/file operation
GAS,cm_local-fax-phonebook/コード.js,838,Google Drive/file operation
GAS,DigiSignTransfer/コード.js,42,Google Drive/file operation
GAS,DigiSignTransfer/コード.js,43,Google Drive/file operation
GAS,DigiSignTransfer/コード.js,44,Google Drive/file operation
GAS,DigiSignTransfer/コード.js,47,Google Drive/file operation
GAS,DigiSignTransfer/コード.js,49,Google Drive/file operation
GAS,DigiSignTransfer/コード.js,150,Google Drive/file operation
GAS,DigiSignTransfer/コード.js,296,Google Drive/file operation
GAS,entrybot/コード.js,141,Google Drive/file operation
GAS,FAXTransfer/コード.js,140,Google Drive/file operation
GAS,FAXTransfer/コード.js,1251,Google Drive/file operation
GAS,FAXTransfer/コード.js,1315,Google Drive/file operation
GAS,FAXTransfer/コード.js,1319,Google Drive/file operation
GAS,FAXTransfer/コード.js,1323,Google Drive/file operation
GAS,FAXTransfer/コード.js,1331,Google Drive/file operation
GAS,FAXTransfer/コード.js,1335,Google Drive/file operation
GAS,FAXTransfer/コード.js,1336,Google Drive/file operation
GAS,FAXTransfer/コード.js,1361,Google Drive/file operation
GAS,FAXTransfer/コード.js,1383,Google Drive/file operation
GAS,FAXTransfer/コード.js,1851,Google Drive/file operation
GAS,FAXTransfer/コード.js,1852,Google Drive/file operation
GAS,FAXTransfer/コード.js,1867,Google Drive/file operation
GAS,FAXTransfer/コード.js,1868,Google Drive/file operation
GAS,FAXTransfer/コード.js,1870,Google Drive/file operation
GAS,FAXTransfer/コード.js,1874,Google Drive/file operation
GAS,FAXTransfer/コード.js,1875,Google Drive/file operation
GAS,FAXTransfer/コード.js,1884,Google Drive/file operation
GAS,FAXTransfer/コード.js,1892,Google Drive/file operation
GAS,FAXTransfer/コード.js,1971,Google Drive/file operation
GAS,FAXTransfer/コード.js,1973,Google Drive/file operation
GAS,FAXTransfer/コード.js,1974,Google Drive/file operation
GAS,FAXTransfer/コード.js,1979,Google Drive/file operation
GAS,FAXTransfer/コード.js,1980,Google Drive/file operation
GAS,FAXTransfer/コード.js,1984,Google Drive/file operation
GAS,FAXTransfer/コード.js,1989,Google Drive/file operation
GAS,FAXTransfer/コード.js,1991,Google Drive/file operation
GAS,FAXTransfer/コード.js,2013,Google Drive/file operation
GAS,FAXTransfer/コード.js,2050,Google Drive/file operation
GAS,FAXTransfer/コード.js,2071,Google Drive/file operation
